Date,Site,Pages Vues / Visites
2026-08-26,yotm.be,20
2026-08-27,yotm.be,20
2026-08-29,yotm.be,10
2026-08-31,yotm.be,10
2026-09-06,yotm.be,10
2026-09-08,yotm.be,10
2026-09-09,yotm.be,10
2026-08-10,inforjeuneswaterloo.be,50
2026-08-11,inforjeuneswaterloo.be,100
2026-08-12,inforjeuneswaterloo.be,90
2026-08-13,inforjeuneswaterloo.be,70
2026-08-14,inforjeuneswaterloo.be,140
2026-08-15,inforjeuneswaterloo.be,10
2026-08-16,inforjeuneswaterloo.be,30
2026-08-17,inforjeuneswaterloo.be,130
2026-08-18,inforjeuneswaterloo.be,90
2026-08-19,inforjeuneswaterloo.be,70
2026-08-20,inforjeuneswaterloo.be,60
2026-08-21,inforjeuneswaterloo.be,80
2026-08-22,inforjeuneswaterloo.be,40
2026-08-23,inforjeuneswaterloo.be,40
2026-08-24,inforjeuneswaterloo.be,30
2026-08-25,inforjeuneswaterloo.be,20
2026-08-27,inforjeuneswaterloo.be,20
2026-08-28,inforjeuneswaterloo.be,30
2026-08-29,inforjeuneswaterloo.be,60
2026-08-30,inforjeuneswaterloo.be,60
2026-08-31,inforjeuneswaterloo.be,60
2026-09-01,inforjeuneswaterloo.be,80
2026-09-02,inforjeuneswaterloo.be,20
2026-09-03,inforjeuneswaterloo.be,70
2026-09-04,inforjeuneswaterloo.be,50
2026-09-05,inforjeuneswaterloo.be,30
2026-09-06,inforjeuneswaterloo.be,30
2026-09-07,inforjeuneswaterloo.be,40
2026-09-08,inforjeuneswaterloo.be,40
2026-09-09,inforjeuneswaterloo.be,10
